关键词ID,关键词内容
1,孩子
2,演技
3,企鹅
4,谢谢
5,阿波罗
6,听懂
7,干净
8,自行车
9,哈密瓜
10,害怕
11,杀手
12,好看
13,超标
14,力量
15,主任
16,泪目
17,真的
18,芙蓉王
19,天才
20,父母
21,专业
22,超星
23,助力
24,爷爷
25,黑猫
26,战地
27,维娅
28,韩国
29,因为
30,上岸
31,泡面
32,这个
33,桃源
34,莲花
35,一个
36,广东
37,可爱
38,多尔
39,消防
40,呜呜
41,这个
42,这个
43,华为
44,蚯蚓
45,五条
46,ohh
47,龙虾
48,哈哈
49,我们
50,艺术
51,停课
52,AI
53,真正
54,美妙
55,这个
56,t0
57,震撼
58,奶油
59,真的
60,不是
61,好活
62,四级
63,奥丁
64,耳根
65,五常
66,谢李
67,游戏
68,这个
69,真的
70,干净
71,健康
72,好看
73,大气
74,归来
75,北京
76,刘亦菲
77,高手
78,美国
79,诈骗
80,好不好
81,不像演
82,逆天
83,大木
84,好吃
85,音游
86,就是
87,李硕珉
88,好人
89,自己
90,好看
91,祝福
92,哈哈
93,华晨
94,饺子
95,伙计
96,师兄
97,活宝
98,老板
99,高分
100,不错
