Video ID,Keyword ID
BV1N64y1V7xG,1
BV1qb4y157F8,2
BV14N4y1h7DJ,3
BV1Qg4y1Z71S,4
BV1jN4y1h7Yj,5
BV1T94y1N72y,6
BV1bG411e726,7
BV17e411k7hG,8
BV1La4y1R7vH,9
BV1sC4y1u7BG,10
BV1P64y1V7PT,11
BV16C4y1D7gr,12
BV1hu4y1T7wz,13
BV1Tc41127uV,14
BV1jH4y1C7Tk,15
BV1Jb4y157aj,16
BV1ki4y1e7Be,17
BV1LC4y197Sn,18
BV1vG411a7vj,19
BV1KC4y1c7o1,20
BV1p94y177Lv,21
BV1994y1P79Q,22
BV1qg4y1y7Da,23
BV1dN411G72r,24
BV1NC4y1c76W,25
BV1kC4y1D7q8,26
BV1Lu4y1G7aK,27
BV1Su4y1u7fz,28
BV1sC4y1w74E,29
BV1ZN4y18796,30
BV1cp4y1f7zC,31
BV1Pc41127z8,32
BV1cG411e75o,33
BV1xG411a739,34
BV1c64y1V7DD,35
BV1wC4y197g6,36
BV1ma4y197RR,37
BV1SN411G7iG,38
BV1dp4y1Z7Ra,39
BV1Dc41127VR,40
BV1rj411s74t,41
BV1G64y1V7Tr,42
BV14u4y1T7Fi,43
BV1yg4y1o7r5,44
BV12c41127FF,45
BV1Mg4y1177F,46
BV1jc411S7Nr,47
BV1gC4y197As,48
BV1Bb4y157a9,49
BV14b4y1577M,50
BV11c41127cg,51
BV1P64y1V7Zs,52
BV1LC4y197eo,53
BV1394y1N7qL,54
BV1WG411e7qS,55
BV1tQ4y1G73Q,56
BV1DN411G7rQ,57
BV1664y157mG,58
BV1Qu4y1u7mk,59
BV1ku4y1u7P7,60
BV1Kw411t7Wh,61
BV1Lc411S7xw,62
BV1bj411p7PP,63
BV1vj411W7HY,64
BV1Gb4y157zp,65
BV13c411273N,66
BV1sj411s7XL,67
BV1GN4y1h78Z,68
BV1zc411178p,69
BV1pb4y157yy,70
BV1Ba4y197gM,71
BV1Q94y1P721,72
BV1nb4y157o1,73
BV1m64y1V764,74
BV1GN4y1h7uj,75
BV1yw41147SD,76
BV1Cj411s7L7,77
BV1Cj411s75i,78
BV1xw411t7bH,79
BV1364y1V785,80
BV1764y1L7u4,81
BV1M64y1V7yg,82
BV1qC4y1D7uR,83
BV1j94y1N7PC,84
BV1Ew411t7kM,85
BV1Fj411W7yS,86
BV1Yj411s7G5,87
BV1Mp4y1f7zz,88
BV1qC4y1F7dJ,89
BV1pw411t7SW,90
BV1Vw411t7jn,91
BV1fa4y197iM,92
BV19p4y1Z7nX,93
BV16G411e7Ds,94
BV1Uc41117AK,95
BV1FH4y1k7CC,96
BV1ca4y1R7u8,97
BV1t94y1N7b1,98
BV1Xw411t7Y8,99
BV13H4y1C79Y,100
